<?xml version="1.0" encoding="utf-8"?>
<odoo>

    <data noupdate="0">
        <record id="contrib_register_employees" model="hr.contribution.register">
            <field name="name">Employees</field>
            <field name="partner_id" eval="False"/>
        </record>
		
		<record id="hr_houserent_allowance_register" model="hr.contribution.register">
            <field name="name">Register for House Rent Allowance</field>
        </record>
		
        <record id="BASIC" model="hr.salary.rule.category">
            <field name="name">Basic</field>
            <field name="code">BASIC</field>
        </record>

        <record id="ALW" model="hr.salary.rule.category">
            <field name="name">Allowance</field>
            <field name="code">ALW</field>
        </record>

        <record id="GROSS" model="hr.salary.rule.category">
            <field name="name">Gross</field>
            <field name="code">GROSS</field>
        </record>

        <record id="DED" model="hr.salary.rule.category">
            <field name="name">Deduction</field>
            <field name="code">DED</field>
        </record>

        <record id="NET" model="hr.salary.rule.category">
            <field name="name">Net</field>
            <field name="code">NET</field>
        </record>

        <record id="COMP" model="hr.salary.rule.category">
            <field name="name">Company Contribution</field>
            <field name="code">COMP</field>
        </record>

        <record id="hr_rule_basic" model="hr.salary.rule">
            <field name="name">Basic Salary</field>
            <field name="sequence" eval="1"/>
            <field name="code">BASIC</field>
            <field name="category_id" ref="om_hr_payroll.BASIC"/>
            <field name="condition_select">none</field>
            <field name="amount_select">code</field>
            <field name="amount_python_compute">result = contract.wage</field>
        </record>

        <record id="hr_rule_taxable" model="hr.salary.rule">
            <field name="name">Gross</field>
            <field name="sequence" eval="100"/>
            <field name="code">GROSS</field>
            <field name="category_id" ref="om_hr_payroll.GROSS"/>
            <field name="condition_select">none</field>
            <field name="amount_select">code</field>
            <field name="amount_python_compute">result = categories.BASIC + categories.ALW</field>
        </record>

        <record id="hr_rule_unpaid" model="hr.salary.rule">
            <field name="name">Unpaid Leave</field>
            <field name="sequence" eval="100"/>
            <field name="code">UNP</field>
            <field name="category_id" ref="om_hr_payroll.DED"/>
            <field name="condition_select">none</field>
            <field name="amount_select">code</field>
            <field name="amount_python_compute">result=-(contract.wage / worked_days.WORK100.number_of_days) * worked_days.Unpaid.number_of_days</field>
        </record>

        <record id="hr_rule_net" model="hr.salary.rule">
            <field name="name">Net Salary</field>
            <field name="sequence" eval="200"/>
            <field name="code">NET</field>
            <field name="category_id" ref="om_hr_payroll.NET"/>
            <field name="condition_select">none</field>
            <field name="amount_select">code</field>
            <field name="amount_python_compute">result = categories.BASIC + categories.ALW + categories.DED</field>
            <field name="register_id" ref="contrib_register_employees"/>
        </record>
		
		
		<!-- New Rules  -->
		
		
		
		<record id="hr_rule_ctc" model="hr.salary.rule">
            <field name="name">CTC</field>
            <field name="sequence" eval="1"/>
            <field name="code">CTC</field>
            <field name="category_id" ref="om_hr_payroll.COMP"/>
            <field name="condition_select">none</field>
            <field name="amount_select">code</field>
            <field name="sequence" eval="1"/>
            <field name="amount_python_compute">result = contract.ctc</field>
        </record>
        
		<record id="hr_rule_hra" model="hr.salary.rule">
            <field name="name">House Rent Allowance</field>
            <field name="sequence" eval="1"/>
            <field name="code">HRA</field>
            <field name="category_id" ref="om_hr_payroll.ALW"/>
            <field name="condition_select">none</field>
            <field name="amount_select">code</field>
            <field name="amount_python_compute">result = contract.wage * 0.40</field>
            <field name="register_id" ref="hr_houserent_allowance_register"/>
        </record>
        
         <record id="hr_salary_convenyance_allownce" model="hr.salary.rule">
            <field name="code">CA</field>
            <field name="name">Conveyance Allownace</field>
            <field name="category_id" ref="om_hr_payroll.ALW"/>
            <field name="condition_select">none</field>
            <field name="amount_select">code</field>
            <field name="amount_python_compute">result = contract.convenyance_allowance</field>
            <field name="note">A conveyance allowance refers to an amount of money reimbursed to someone for the operation of a vehicle or the riding of a vehicle. The allowance is typically a designated amount or percentage of total transportation expenses that is referenced in a country's tax laws or code. Organizations and private or public businesses may also offer a conveyance allowance in addition to reimbursing employees or members for transportation expenses. In this instance, the conveyance allowance may identify an unusual transport occurrence that may not be covered by a designated travel expense report such as travel to a specific job site that requires a daily bus or taxi ride.</field>
        </record>
         
         <record id="hr_salary_special_allownce" model="hr.salary.rule">
            <field name="code">SA</field>
            <field name="name">Special Allownace</field>
            <field name="category_id" ref="om_hr_payroll.ALW"/>
            <field name="condition_select">none</field>
            <field name="amount_select">code</field>
            <field name="amount_python_compute">result = contract.special_allowance</field>
        </record>
        
        
        <record id="hr_leave_incentive_pay" model="hr.salary.rule">
            <field name="code">LI</field>
            <field name="name">Leave Incentive</field>
            <field name="category_id" ref="om_hr_payroll.ALW"/>
            <field name="condition_select">none</field>
            <field name="amount_select">code</field>
            <field name="amount_python_compute">result = contract.leave_incentives</field>
        </record>
       
        <record id="hr_travel_incentive_pay" model="hr.salary.rule">
            <field name="code">TI</field>
            <field name="name">Travel Incentive</field>
            <field name="category_id" ref="om_hr_payroll.ALW"/>
            <field name="condition_select">none</field>
            <field name="amount_select">code</field>
            <field name="amount_python_compute">result = contract.travel_incentives</field>
        </record>
        
        <record id="hr_leave_deductions_pay" model="hr.salary.rule">
            <field name="code">LD</field>
            <field name="name">Leave Deduction</field>
            <field name="category_id" ref="om_hr_payroll.DED"/>
            <field name="condition_select">none</field>
            <field name="amount_select">code</field>
            <field name="amount_python_compute">result = -contract.leave_deductions</field>
        </record>
        
         <record id="hr_notice_period_pay" model="hr.salary.rule">
            <field name="code">NP</field>
            <field name="name">Notice Period Pay</field>
            <field name="category_id" ref="om_hr_payroll.DED"/>
            <field name="condition_select">none</field>
            <field name="amount_select">code</field>
            <field name="amount_python_compute">result = -contract.notice_period_pay</field>
        </record>
        
        <record id="hr_advance_deductions_pay" model="hr.salary.rule">
            <field name="code">AD</field>
            <field name="name">Advance Deduction</field>
            <field name="category_id" ref="om_hr_payroll.DED"/>
            <field name="condition_select">none</field>
            <field name="amount_select">code</field>
            <field name="amount_python_compute">result = -contract.advance_deduction</field>
        </record>
        
        <record id="hr_tds_pay" model="hr.salary.rule">
            <field name="code">TDS</field>
            <field name="name">Tax Deducted at Source</field>
            <field name="category_id" ref="om_hr_payroll.DED"/>
            <field name="condition_select">none</field>
            <field name="amount_select">code</field>
            <field name="amount_python_compute">result = -contract.tds</field>
        </record>
        
        <record id="hr_esi_pay" model="hr.salary.rule">
            <field name="code">ESI</field>
            <field name="name">Employees' State Insurance Scheme</field>
            <field name="category_id" ref="om_hr_payroll.DED"/>
            <field name="condition_select">none</field>
            <field name="amount_select">code</field>
            <field name="amount_python_compute">result = -contract.esi</field>
        </record>
        
        <record id="hr_proffesional_tax_pay" model="hr.salary.rule">
            <field name="code">PTD</field>
            <field name="name">Professional Tax</field>
            <field name="category_id" ref="om_hr_payroll.DED"/>
            <field name="condition_select">none</field>
            <field name="amount_select">code</field>
            <field name="amount_python_compute">result = -contract.professional_tax</field>
        </record>
		
		 <record id="hr_employee_pf_allow" model="hr.salary.rule">
            <field name="code">PF</field>
            <field name="name">Employee's Provident Fund</field>
            <field name="category_id" ref="om_hr_payroll.DED"/>
            <field name="amount_select">fix</field>
            <field eval="-1800.0" name="amount_fix"/>
            <field name="note">Employee's Provident Fund</field>
        </record>
		
		<record id="hr_employers_pf_allow" model="hr.salary.rule">
            <field name="name">Employer's PF</field>
            <field name="code">EPF's</field>
            <field name="category_id" ref="om_hr_payroll.COMP"/>
            <field name="amount_select">fix</field>
			<field eval="-1800.0" name="amount_fix"/>
            <field name="note">Employer's Provident Fund</field>
        </record>
		
        <!-- Salary Structure -->

        <record id="structure_base" model="hr.payroll.structure">
            <field name="code">BASE</field>
            <field name="name">Base for new structures</field>
            <field eval="[(6, 0, [ref('hr_rule_basic'), ref('hr_rule_taxable'),ref('hr_rule_net'),ref('hr_rule_ctc'),ref('hr_rule_hra'),ref('hr_salary_convenyance_allownce'),
            ref('hr_tds_pay'),ref('hr_proffesional_tax_pay'),ref('hr_esi_pay'),ref('hr_employee_pf_allow'),])]" name="rule_ids"/>
            <field name="company_id" ref="base.main_company"/>
        </record>
        
        <record id="team_call_centre_structure" model="hr.payroll.structure">
            <field name="code">CCS</field>
            <field name="name">Team Call Centre Structure</field>
            <field eval="[(6, 0, [ref('hr_rule_basic'), ref('hr_rule_taxable'),ref('hr_rule_net'),ref('hr_rule_ctc'),ref('hr_rule_hra'),ref('hr_salary_convenyance_allownce'),
            ref('hr_salary_special_allownce'),ref('hr_notice_period_pay'),ref('hr_leave_incentive_pay'),ref('hr_travel_incentive_pay'),ref('hr_leave_deductions_pay'),
            ref('hr_leave_deductions_pay'),ref('hr_tds_pay'),ref('hr_proffesional_tax_pay'),ref('hr_employee_pf_allow')])]" name="rule_ids"/>
            <field name="company_id" ref="base.main_company"/>
        </record>
		
		<record id="managerial_renumeration_structure" model="hr.payroll.structure">
			<field name="code">MR</field>
            <field name="name">Managerial Remunaration</field>
            <field eval="[(6, 0, [ref('hr_rule_basic'), ref('hr_rule_taxable'),ref('hr_rule_net'),ref('hr_rule_ctc'),ref('hr_rule_hra'),ref('hr_salary_convenyance_allownce'),
            ref('hr_salary_special_allownce'),ref('hr_employee_pf_allow')])]" name="rule_ids"/>
            <field name="company_id" ref="base.main_company"/>
		</record>
				
		
        <!-- Decimal Precision -->

        <record forcecreate="True" id="decimal_payroll" model="decimal.precision">
            <field name="name">Payroll</field>
            <field name="digits">2</field>
        </record>

        <record forcecreate="True" id="decimal_payroll_rate" model="decimal.precision">
            <field name="name">Payroll Rate</field>
            <field name="digits">4</field>
        </record>

    </data>
</odoo>
