id,name,model_id:id,group_id:id,perm_read,perm_write,perm_create,perm_unlink
access_hr_payroll_structure,hr.payroll.structure,model_hr_payroll_structure,om_hr_payroll.group_hr_payroll_user,1,1,1,1
access_hr_payroll_structure_hr_user,hr.payroll.structure.hr.user,model_hr_payroll_structure,hr.group_hr_user,1,0,0,0
access_hr_contribution_register,hr.contribution.register,model_hr_contribution_register,om_hr_payroll.group_hr_payroll_user,1,1,1,1
access_hr_salary_rule_category,hr.salary.rule.category,model_hr_salary_rule_category,om_hr_payroll.group_hr_payroll_user,1,1,1,1
access_hr_payslip,hr.payslip,model_hr_payslip,om_hr_payroll.group_hr_payroll_user,1,1,1,1
access_hr_payslip_line,hr.payslip.line,model_hr_payslip_line,om_hr_payroll.group_hr_payroll_user,1,1,1,1
access_hr_payslip_input_user,hr.payslip.input.user,model_hr_payslip_input,om_hr_payroll.group_hr_payroll_user,1,1,1,1
access_hr_payslip_worked_days_officer,hr.payslip.worked_days.officer,model_hr_payslip_worked_days,om_hr_payroll.group_hr_payroll_user,1,1,1,1
access_hr_payslip_run,hr.payslip.run,model_hr_payslip_run,om_hr_payroll.group_hr_payroll_manager,1,1,1,1
access_hr_rule_input_officer,hr.rule.input.office,model_hr_rule_input,om_hr_payroll.group_hr_payroll_user,1,1,1,1
access_hr_salary_rule_user,hr.salary.rule.user,model_hr_salary_rule,om_hr_payroll.group_hr_payroll_user,1,1,1,1
access_hr_contract_advantage_template,hr.contract.advantage.template.user,model_hr_contract_advantage_template,om_hr_payroll.group_hr_payroll_user,1,1,1,1
access_hr_contract_advantage_template_hr_user,hr.contract.advantage.template.hr.user,model_hr_contract_advantage_template,hr.group_hr_user,1,0,0,0
access_hr_payslip_employees_hr_user,hr.payslip.employees.hr.user,model_hr_payslip_employees,hr.group_hr_user,1,1,1,1
access_payslip_lines_contribution_register_hr_user,payslip.lines.contribution.register.hr.user,model_payslip_lines_contribution_register,hr.group_hr_user,1,1,1,1
access_hr_contract_type_manager,hr.contract.type.manager,model_hr_contract_type,hr_contract.group_hr_contract_manager,1,1,1,1
access_leave_description_master,leave.description.master,model_leave_description_master,,1,1,1,1
access_employee_timesheet_report_wizard,employee.timesheet.report.wizard,model_employee_timesheet_report_wizard,,1,1,1,1
access_time_off_statement,time.off.statement,model_time_off_statement,,1,1,1,1
access_employee_leave_eligible,employee.leave.eligible,model_employee_leave_eligible,,1,1,1,1
access_exployee_monthly_salary_summary_excel_wizard,exployee.monthly.salary.summar
